DRG_Definition,Average Charges
001-HEART TRANSPLANT OR IMPLANT OF HEART ASSIST SYSTEM W MCC,"$1,015,171.72 "
002-HEART TRANSPLANT OR IMPLANT OF HEART ASSIST SYSTEM W/O MCC,"$526,220.19 "
"003-ECMO OR TRACH W MV >96 HRS OR PDX EXC FACE, MOUTH & NECK W MAJ O.R.","$1,200,868.97 "
"004-TRACH W MV >96 HRS OR PDX EXC FACE, MOUTH & NECK W/O MAJ O.R.","$535,940.11 "
005-LIVER TRANSPLANT W MCC OR INTESTINAL TRANSPLANT,"$712,566.45 "
006-LIVER TRANSPLANT W/O MCC,"$379,089.29 "
007-LUNG TRANSPLANT,"$787,930.30 "
008-SIMULTANEOUS PANCREAS/KIDNEY TRANSPLANT,"$895,139.95 "
"011-TRACHEOSTOMY FOR FACE, MOUTH & NECK DIAGNOSES OR LARYNGECTOMY W MCC","$230,533.76 "
"012-TRACHEOSTOMY FOR FACE, MOUTH & NECK DIAGNOSES OR LARYNGECTOMY W CC","$166,404.66 "
"013-TRACHEOSTOMY FOR FACE, MOUTH & NECK DIAGNOSES OR LARYNGECTOMY W/O CC/MCC","$116,160.17 "
014-ALLOGENEIC BONE MARROW TRANSPLANT,"$522,030.04 "
016-AUTOLOGOUS BONE MARROW TRANSPLANT  W CC/MCC OR T-CELL IMMUNOTHERAPY,"$270,254.26 "
017-AUTOLOGOUS BONE MARROW TRANSPLANT W/O CC/MCC,"$139,321.25 "
020-INTRACRANIAL VASCULAR PROCEDURES W PDX HEMORRHAGE W MCC,"$371,017.56 "
021-INTRACRANIAL VASCULAR PROCEDURES W PDX HEMORRHAGE W CC,"$177,270.51 "
022-INTRACRANIAL VASCULAR PROCEDURES W PDX HEMORRHAGE W/O CC/MCC,"$173,595.84 "
023-CRANIOTOMY W MAJOR DEVICE IMPLANT OR ACUTE COMPLEX CNS PDX W MCC OR CHEMOTHERAPY IMPLANT OR EPILEPSY W NEUROSTIMULATOR,"$231,834.65 "
024-CRANIO W MAJOR DEV IMPL/ACUTE COMPLEX CNS PDX W/O MCC,"$118,282.70 "
025-CRANIOTOMY & ENDOVASCULAR INTRACRANIAL PROCEDURES W MCC,"$248,608.24 "
026-CRANIOTOMY & ENDOVASCULAR INTRACRANIAL PROCEDURES W CC,"$144,532.94 "
027-CRANIOTOMY & ENDOVASCULAR INTRACRANIAL PROCEDURES W/O CC/MCC,"$132,292.04 "
028-SPINAL PROCEDURES W MCC,"$368,000.37 "
029-SPINAL PROCEDURES W CC OR SPINAL NEUROSTIMULATORS,"$131,641.29 "
030-SPINAL PROCEDURES W/O CC/MCC,"$83,061.81 "
031-VENTRICULAR SHUNT PROCEDURES W MCC,"$128,672.51 "
032-VENTRICULAR SHUNT PROCEDURES W CC,"$99,172.32 "
033-VENTRICULAR SHUNT PROCEDURES W/O CC/MCC,"$70,999.37 "
034-CAROTID ARTERY STENT PROCEDURE W MCC,"$195,397.20 "
035-CAROTID ARTERY STENT PROCEDURE W CC,"$66,235.02 "
036-CAROTID ARTERY STENT PROCEDURE W/O CC/MCC,"$61,725.92 "
037-EXTRACRANIAL PROCEDURES W MCC,"$124,179.74 "
038-EXTRACRANIAL PROCEDURES W CC,"$88,739.20 "
039-EXTRACRANIAL PROCEDURES W/O CC/MCC,"$75,032.54 "
040-PERIPH/CRANIAL NERVE & OTHER NERV SYST PROC W MCC,"$205,787.24 "
041-PERIPH/CRANIAL NERVE & OTHER NERV SYST PROC W CC OR PERIPH NEUROSTIM,"$106,114.57 "
042-PERIPH/CRANIAL NERVE & OTHER NERV SYST PROC W/O CC/MCC,"$90,355.06 "
053-SPINAL DISORDERS & INJURIES W/O CC/MCC,"$54,726.71 "
054-NERVOUS SYSTEM NEOPLASMS W MCC,"$82,351.10 "
055-NERVOUS SYSTEM NEOPLASMS W/O MCC,"$51,849.07 "
056-DEGENERATIVE NERVOUS SYSTEM DISORDERS W MCC,"$90,246.66 "
057-DEGENERATIVE NERVOUS SYSTEM DISORDERS W/O MCC,"$63,312.00 "
058-MULTIPLE SCLEROSIS & CEREBELLAR ATAXIA W MCC,"$34,122.08 "
059-MULTIPLE SCLEROSIS & CEREBELLAR ATAXIA W CC,"$36,757.12 "
060-MULTIPLE SCLEROSIS & CEREBELLAR ATAXIA W/O CC/MCC,"$55,362.54 "
"061-ISCHEMIC STROKE, PRECEREBRAL OCCLUSION OR TRANSIENT ISCHEMIA W THROMBOLYTIC AGENT W MCC","$71,743.32 "
"062-ISCHEMIC STROKE, PRECEREBRAL OCCLUSION OR TRANSIENT ISCHEMIA W THROMBOLYTIC AGENT W CC","$73,024.24 "
"063-ISCHEMIC STROKE, PRECEREBRAL OCCLUSION OR TRANSIENT ISCHEMIA W THROMBOLYTIC AGENT W/O CC/MCC","$43,051.17 "
064-INTRACRANIAL HEMORRHAGE OR CEREBRAL INFARCTION W MCC,"$95,454.19 "
065-INTRACRANIAL HEMORRHAGE OR CEREBRAL INFARCTION W CC OR TPA IN 24 HRS,"$47,773.21 "
066-INTRACRANIAL HEMORRHAGE OR CEREBRAL INFARCTION W/O CC/MCC,"$47,585.68 "
067-NONSPECIFIC CVA & PRECEREBRAL OCCLUSION W/O INFARCT W MCC,"$30,565.18 "
068-NONSPECIFIC CVA & PRECEREBRAL OCCLUSION W/O INFARCT W/O MCC,"$43,479.67 "
069-TRANSIENT ISCHEMIA W/O THROMBOLYTIC,"$24,883.88 "
070-NONSPECIFIC CEREBROVASCULAR DISORDERS W MCC,"$134,628.23 "
071-NONSPECIFIC CEREBROVASCULAR DISORDERS W CC,"$39,523.39 "
072-NONSPECIFIC CEREBROVASCULAR DISORDERS W/O CC/MCC,"$24,305.59 "
073-CRANIAL & PERIPHERAL NERVE DISORDERS W MCC,"$43,668.27 "
074-CRANIAL & PERIPHERAL NERVE DISORDERS W/O MCC,"$39,984.56 "
075-VIRAL MENINGITIS W CC/MCC,"$32,941.53 "
076-VIRAL MENINGITIS W/O CC/MCC,"$22,373.80 "
078-HYPERTENSIVE ENCEPHALOPATHY W CC,"$37,223.21 "
080-NONTRAUMATIC STUPOR & COMA W MCC,"$81,085.11 "
081-NONTRAUMATIC STUPOR & COMA W/O MCC,"$33,743.65 "
"082-TRAUMATIC STUPOR & COMA, COMA >1 HR W MCC","$130,516.78 "
"083-TRAUMATIC STUPOR & COMA, COMA >1 HR W CC","$87,566.13 "
"084-TRAUMATIC STUPOR & COMA, COMA >1 HR W/O CC/MCC","$61,940.85 "
"085-TRAUMATIC STUPOR & COMA, COMA <1 HR W MCC","$229,571.39 "
"086-TRAUMATIC STUPOR & COMA, COMA <1 HR W CC","$75,689.95 "
"087-TRAUMATIC STUPOR & COMA, COMA <1 HR W/O CC/MCC","$60,179.94 "
088-CONCUSSION W MCC,"$135,929.71 "
089-CONCUSSION W CC,"$57,865.64 "
090-CONCUSSION W/O CC/MCC,"$47,641.17 "
091-OTHER DISORDERS OF NERVOUS SYSTEM W MCC,"$112,729.42 "
092-OTHER DISORDERS OF NERVOUS SYSTEM W CC,"$39,744.60 "
093-OTHER DISORDERS OF NERVOUS SYSTEM W/O CC/MCC,"$30,567.41 "
094-BACTERIAL & TUBERCULOUS INFECTIONS OF NERVOUS SYSTEM W MCC,"$171,009.59 "
095-BACTERIAL & TUBERCULOUS INFECTIONS OF NERVOUS SYSTEM W CC,"$84,699.15 "
096-BACTERIAL & TUBERCULOUS INFECTIONS OF NERVOUS SYSTEM W/O CC/MCC,"$97,213.42 "
097-NON-BACTERIAL INFECT OF NERVOUS SYS EXC VIRAL MENINGITIS W MCC,"$202,242.75 "
098-NON-BACTERIAL INFECT OF NERVOUS SYS EXC VIRAL MENINGITIS W CC,"$67,201.02 "
099-NON-BACTERIAL INFECT OF NERVOUS SYS EXC VIRAL MENINGITIS W/O CC/MCC,"$92,679.13 "
100-SEIZURES W MCC,"$75,282.83 "
101-SEIZURES W/O MCC,"$36,255.77 "
102-HEADACHES W MCC,"$36,003.71 "
103-HEADACHES W/O MCC,"$28,153.87 "
113-ORBITAL PROCEDURES W CC/MCC,"$109,889.57 "
114-ORBITAL PROCEDURES W/O CC/MCC,"$69,187.68 "
115-EXTRAOCULAR PROCEDURES EXCEPT ORBIT,"$81,267.88 "
116-INTRAOCULAR PROCEDURES W CC/MCC,"$129,584.24 "
117-INTRAOCULAR PROCEDURES W/O CC/MCC,"$46,103.35 "
121-ACUTE MAJOR EYE INFECTIONS W CC/MCC,"$59,547.16 "
122-ACUTE MAJOR EYE INFECTIONS W/O CC/MCC,"$9,841.34 "
123-NEUROLOGICAL EYE DISORDERS,"$35,892.62 "
124-OTHER DISORDERS OF THE EYE W MCC,"$61,005.74 "
125-OTHER DISORDERS OF THE EYE W/O MCC,"$36,552.07 "
129-MAJOR HEAD & NECK PROCEDURES W CC/MCC OR MAJOR DEVICE,"$92,613.78 "
130-MAJOR HEAD & NECK PROCEDURES W/O CC/MCC,"$74,275.24 "
131-CRANIAL/FACIAL PROCEDURES W CC/MCC,"$166,151.45 "
132-CRANIAL/FACIAL PROCEDURES W/O CC/MCC,"$104,984.70 "
"133-OTHER EAR, NOSE, MOUTH & THROAT O.R. PROCEDURES W CC/MCC","$122,264.99 "
"134-OTHER EAR, NOSE, MOUTH & THROAT O.R. PROCEDURES W/O CC/MCC","$67,171.19 "
135-SINUS & MASTOID PROCEDURES W CC/MCC,"$137,805.75 "
137-MOUTH PROCEDURES W CC/MCC,"$65,674.11 "
138-MOUTH PROCEDURES W/O CC/MCC,"$37,196.64 "
139-SALIVARY GLAND PROCEDURES,"$36,651.73 "
"146-EAR, NOSE, MOUTH & THROAT MALIGNANCY W MCC","$104,210.34 "
"147-EAR, NOSE, MOUTH & THROAT MALIGNANCY W CC","$53,038.15 "
149-DYSEQUILIBRIUM,"$29,752.15 "
151-EPISTAXIS W/O MCC,"$24,572.54 "
152-OTITIS MEDIA & URI W MCC,"$66,535.80 "
153-OTITIS MEDIA & URI W/O MCC,"$24,476.72 "
"154-OTHER EAR, NOSE, MOUTH & THROAT DIAGNOSES W MCC","$54,033.67 "
"155-OTHER EAR, NOSE, MOUTH & THROAT DIAGNOSES W CC","$53,802.96 "
"156-OTHER EAR, NOSE, MOUTH & THROAT DIAGNOSES W/O CC/MCC","$31,134.71 "
157-DENTAL & ORAL DISEASES W MCC,"$85,306.12 "
158-DENTAL & ORAL DISEASES W CC,"$53,091.29 "
159-DENTAL & ORAL DISEASES W/O CC/MCC,"$42,238.75 "
163-MAJOR CHEST PROCEDURES W MCC,"$176,870.43 "
164-MAJOR CHEST PROCEDURES W CC,"$85,316.39 "
165-MAJOR CHEST PROCEDURES W/O CC/MCC,"$70,790.59 "
166-OTHER RESP SYSTEM O.R. PROCEDURES W MCC,"$225,695.86 "
167-OTHER RESP SYSTEM O.R. PROCEDURES W CC,"$63,140.09 "
168-OTHER RESP SYSTEM O.R. PROCEDURES W/O CC/MCC,"$56,405.69 "
175-PULMONARY EMBOLISM W MCC,"$60,308.71 "
176-PULMONARY EMBOLISM W/O MCC,"$40,482.76 "
177-RESPIRATORY INFECTIONS & INFLAMMATIONS W MCC,"$88,624.23 "
178-RESPIRATORY INFECTIONS & INFLAMMATIONS W CC,"$87,300.38 "
179-RESPIRATORY INFECTIONS & INFLAMMATIONS W/O CC/MCC,"$48,482.94 "
180-RESPIRATORY NEOPLASMS W MCC,"$102,548.13 "
181-RESPIRATORY NEOPLASMS W CC,"$43,080.11 "
182-RESPIRATORY NEOPLASMS W/O CC/MCC,"$32,538.65 "
183-MAJOR CHEST TRAUMA W MCC,"$89,459.17 "
184-MAJOR CHEST TRAUMA W CC,"$69,576.83 "
185-MAJOR CHEST TRAUMA W/O CC/MCC,"$38,291.29 "
186-PLEURAL EFFUSION W MCC,"$77,894.48 "
187-PLEURAL EFFUSION W CC,"$38,903.49 "
188-PLEURAL EFFUSION W/O CC/MCC,"$43,345.77 "
189-PULMONARY EDEMA & RESPIRATORY FAILURE,"$62,402.63 "
190-CHRONIC OBSTRUCTIVE PULMONARY DISEASE W MCC,"$57,834.56 "
191-CHRONIC OBSTRUCTIVE PULMONARY DISEASE W CC,"$33,949.88 "
192-CHRONIC OBSTRUCTIVE PULMONARY DISEASE W/O CC/MCC,"$20,898.39 "
193-SIMPLE PNEUMONIA & PLEURISY W MCC,"$54,285.84 "
194-SIMPLE PNEUMONIA & PLEURISY W CC,"$33,356.73 "
195-SIMPLE PNEUMONIA & PLEURISY W/O CC/MCC,"$24,191.17 "
196-INTERSTITIAL LUNG DISEASE W MCC,"$110,225.75 "
197-INTERSTITIAL LUNG DISEASE W CC,"$10,412.85 "
198-INTERSTITIAL LUNG DISEASE W/O CC/MCC,"$22,325.74 "
199-PNEUMOTHORAX W MCC,"$147,553.74 "
200-PNEUMOTHORAX W CC,"$67,987.40 "
201-PNEUMOTHORAX W/O CC/MCC,"$23,543.28 "
202-BRONCHITIS & ASTHMA W CC/MCC,"$33,094.84 "
203-BRONCHITIS & ASTHMA W/O CC/MCC,"$22,238.48 "
204-RESPIRATORY SIGNS & SYMPTOMS,"$27,954.09 "
205-OTHER RESPIRATORY SYSTEM DIAGNOSES W MCC,"$107,183.87 "
206-OTHER RESPIRATORY SYSTEM DIAGNOSES W/O MCC,"$40,404.82 "
207-RESPIRATORY SYSTEM DIAGNOSIS W VENTILATOR SUPPORT >96 HOURS OR PERIPHERAL EXTRACORPOREAL MEMBRANE OXYGENATION (ECMO),"$378,121.64 "
208-RESPIRATORY SYSTEM DIAGNOSIS W VENTILATOR SUPPORT <=96 HOURS,"$135,079.22 "
215-OTHER HEART ASSIST SYSTEM IMPLANT,"$237,955.13 "
216-CARDIAC VALVE & OTH MAJ CARDIOTHORACIC PROC W CARD CATH W MCC,"$540,574.26 "
217-CARDIAC VALVE & OTH MAJ CARDIOTHORACIC PROC W CARD CATH W CC,"$332,459.94 "
219-CARDIAC VALVE & OTH MAJ CARDIOTHORACIC PROC W/O CARD CATH W MCC,"$320,867.88 "
220-CARDIAC VALVE & OTH MAJ CARDIOTHORACIC PROC W/O CARD CATH W CC,"$219,702.54 "
221-CARDIAC VALVE & OTH MAJ CARDIOTHORACIC PROC W/O CARD CATH W/O CC/MCC,"$188,837.26 "
222-CARDIAC DEFIB IMPLANT W CARDIAC CATH W AMI/HF/SHOCK W MCC,"$361,083.17 "
223-CARDIAC DEFIB IMPLANT W CARDIAC CATH W AMI/HF/SHOCK W/O MCC,"$131,261.81 "
224-CARDIAC DEFIB IMPLANT W CARDIAC CATH W/O AMI/HF/SHOCK W MCC,"$313,263.14 "
225-CARDIAC DEFIB IMPLANT W CARDIAC CATH W/O AMI/HF/SHOCK W/O MCC,"$146,006.56 "
226-CARDIAC DEFIBRILLATOR IMPLANT W/O CARDIAC CATH W MCC,"$183,741.39 "
227-CARDIAC DEFIBRILLATOR IMPLANT W/O CARDIAC CATH W/O MCC,"$140,048.59 "
228-OTHER CARDIOTHORACIC PROCEDURES W MCC,"$286,138.40 "
229-OTHER CARDIOTHORACIC PROCEDURES W/O MCC,"$136,718.40 "
231-CORONARY BYPASS W PTCA W MCC,"$315,552.97 "
233-CORONARY BYPASS W CARDIAC CATH W MCC,"$298,455.10 "
234-CORONARY BYPASS W CARDIAC CATH W/O MCC,"$223,641.47 "
235-CORONARY BYPASS W/O CARDIAC CATH W MCC,"$253,713.64 "
236-CORONARY BYPASS W/O CARDIAC CATH W/O MCC,"$177,411.97 "
239-AMPUTATION FOR CIRC SYS DISORDERS EXC UPPER LIMB & TOE W MCC,"$200,121.92 "
240-AMPUTATION FOR CIRC SYS DISORDERS EXC UPPER LIMB & TOE W CC,"$144,264.20 "
242-PERMANENT CARDIAC PACEMAKER IMPLANT W MCC,"$157,824.97 "
243-PERMANENT CARDIAC PACEMAKER IMPLANT W CC,"$80,539.32 "
244-PERMANENT CARDIAC PACEMAKER IMPLANT W/O CC/MCC,"$60,464.86 "
245-AICD GENERATOR PROCEDURES,"$174,138.55 "
246-PERCUTANEOUS CARDIOVASCULAR PROCEDURES W DRUG-ELUTING STENT W MCC OR 4+ ARTERIES OR STENTS,"$122,834.60 "
247-PERC CARDIOVASC PROC W DRUG-ELUTING STENT W/O MCC,"$63,788.67 "
248-PERCUTANEOUS CARDIOVASCULAR PROCEDURES W NON-DRUG-ELUTING STENT W MCC OR 4+ ARTERIES OR STENTS,"$124,210.39 "
249-PERC CARDIOVASC PROC W NON-DRUG-ELUTING STENT W/O MCC,"$52,925.48 "
250-PERC CARDIOVASC PROC W/O CORONARY ARTERY STENT W MCC,"$88,095.52 "
251-PERC CARDIOVASC PROC W/O CORONARY ARTERY STENT W/O MCC,"$68,487.15 "
252-OTHER VASCULAR PROCEDURES W MCC,"$177,847.11 "
253-OTHER VASCULAR PROCEDURES W CC,"$105,868.80 "
254-OTHER VASCULAR PROCEDURES W/O CC/MCC,"$75,038.92 "
255-UPPER LIMB & TOE AMPUTATION FOR CIRC SYSTEM DISORDERS W MCC,"$70,618.73 "
256-UPPER LIMB & TOE AMPUTATION FOR CIRC SYSTEM DISORDERS W CC,"$47,117.08 "
259-CARDIAC PACEMAKER DEVICE REPLACEMENT W/O MCC,"$74,761.73 "
260-CARDIAC PACEMAKER REVISION EXCEPT DEVICE REPLACEMENT W MCC,"$177,693.14 "
261-CARDIAC PACEMAKER REVISION EXCEPT DEVICE REPLACEMENT W CC,"$107,199.70 "
262-CARDIAC PACEMAKER REVISION EXCEPT DEVICE REPLACEMENT W/O CC/MCC,"$48,449.20 "
263-VEIN LIGATION & STRIPPING,"$70,761.89 "
264-OTHER CIRCULATORY SYSTEM O.R. PROCEDURES,"$171,149.66 "
265-AICD LEAD PROCEDURES,"$68,166.18 "
266-ENDOVASCULAR CARDIAC VALVE REPLACEMENT W MCC,"$272,626.81 "
267-ENDOVASCULAR CARDIAC VALVE REPLACEMENT W/O MCC,"$149,255.05 "
268-AORTIC AND HEART ASSIST PROCEDURES EXCEPT PULSATION BALLOON W MCC,"$352,580.18 "
269-AORTIC AND HEART ASSIST PROCEDURES EXCEPT PULSATION BALLOON W/O MCC,"$160,321.95 "
270-OTHER MAJOR CARDIOVASCULAR PROCEDURES W MCC,"$257,770.97 "
271-OTHER MAJOR CARDIOVASCULAR PROCEDURES W CC,"$154,086.01 "
272-OTHER MAJOR CARDIOVASCULAR PROCEDURES W/O CC/MCC,"$81,856.59 "
273-PERCUTANEOUS INTRACARDIAC PROCEDURES W MCC,"$173,575.66 "
274-PERCUTANEOUS INTRACARDIAC PROCEDURES W/O MCC,"$87,316.50 "
"280-ACUTE MYOCARDIAL INFARCTION, DISCHARGED ALIVE W MCC","$80,935.55 "
"281-ACUTE MYOCARDIAL INFARCTION, DISCHARGED ALIVE W CC","$37,060.68 "
"282-ACUTE MYOCARDIAL INFARCTION, DISCHARGED ALIVE W/O CC/MCC","$33,246.52 "
"283-ACUTE MYOCARDIAL INFARCTION, EXPIRED W MCC","$97,273.96 "
"286-CIRCULATORY DISORDERS EXCEPT AMI, W CARD CATH W MCC","$110,118.86 "
"287-CIRCULATORY DISORDERS EXCEPT AMI, W CARD CATH W/O MCC","$53,201.12 "
288-ACUTE & SUBACUTE ENDOCARDITIS W MCC,"$163,403.81 "
291-HEART FAILURE & SHOCK W MCC OR PERIPHERAL EXTRACORPOREAL MEMBRANE OXYGENATION (ECMO),"$67,791.02 "
292-HEART FAILURE & SHOCK W CC,"$45,071.64 "
293-HEART FAILURE & SHOCK W/O CC/MCC,"$31,771.10 "
294-DEEP VEIN THROMBOPHLEBITIS W CC/MCC,"$130,501.53 "
"296-CARDIAC ARREST, UNEXPLAINED W MCC OR PERIPHERAL EXTRACORPOREAL MEMBRANE OXYGENATION (ECMO)","$80,980.91 "
299-PERIPHERAL VASCULAR DISORDERS W MCC,"$70,359.97 "
300-PERIPHERAL VASCULAR DISORDERS W CC,"$43,709.11 "
301-PERIPHERAL VASCULAR DISORDERS W/O CC/MCC,"$47,711.73 "
302-ATHEROSCLEROSIS W MCC,"$40,933.98 "
303-ATHEROSCLEROSIS W/O MCC,"$25,564.65 "
304-HYPERTENSION W MCC,"$45,437.04 "
305-HYPERTENSION W/O MCC,"$27,905.93 "
306-CARDIAC CONGENITAL & VALVULAR DISORDERS W MCC,"$36,942.96 "
307-CARDIAC CONGENITAL & VALVULAR DISORDERS W/O MCC,"$27,843.88 "
308-CARDIAC ARRHYTHMIA & CONDUCTION DISORDERS W MCC,"$54,332.63 "
309-CARDIAC ARRHYTHMIA & CONDUCTION DISORDERS W CC,"$32,668.22 "
310-CARDIAC ARRHYTHMIA & CONDUCTION DISORDERS W/O CC/MCC,"$22,599.13 "
311-ANGINA PECTORIS,"$38,885.69 "
312-SYNCOPE & COLLAPSE,"$35,805.65 "
313-CHEST PAIN,"$23,235.11 "
314-OTHER CIRCULATORY SYSTEM DIAGNOSES W MCC,"$96,902.56 "
315-OTHER CIRCULATORY SYSTEM DIAGNOSES W CC,"$45,478.67 "
316-OTHER CIRCULATORY SYSTEM DIAGNOSES W/O CC/MCC,"$37,211.11 "
"326-STOMACH, ESOPHAGEAL & DUODENAL PROC W MCC","$273,643.13 "
"327-STOMACH, ESOPHAGEAL & DUODENAL PROC W CC","$165,147.16 "
"328-STOMACH, ESOPHAGEAL & DUODENAL PROC W/O CC/MCC","$59,506.52 "
329-MAJOR SMALL & LARGE BOWEL PROCEDURES W MCC,"$198,626.17 "
330-MAJOR SMALL & LARGE BOWEL PROCEDURES W CC,"$112,539.62 "
331-MAJOR SMALL & LARGE BOWEL PROCEDURES W/O CC/MCC,"$85,098.23 "
332-RECTAL RESECTION W MCC,"$464,480.46 "
333-RECTAL RESECTION W CC,"$123,543.19 "
334-RECTAL RESECTION W/O CC/MCC,"$104,197.64 "
335-PERITONEAL ADHESIOLYSIS W MCC,"$161,765.47 "
336-PERITONEAL ADHESIOLYSIS W CC,"$90,381.45 "
337-PERITONEAL ADHESIOLYSIS W/O CC/MCC,"$65,954.51 "
338-APPENDECTOMY W COMPLICATED PRINCIPAL DIAG W MCC,"$115,124.22 "
339-APPENDECTOMY W COMPLICATED PRINCIPAL DIAG W CC,"$76,980.31 "
340-APPENDECTOMY W COMPLICATED PRINCIPAL DIAG W/O CC/MCC,"$44,452.78 "
341-APPENDECTOMY W/O COMPLICATED PRINCIPAL DIAG W MCC,"$178,240.87 "
342-APPENDECTOMY W/O COMPLICATED PRINCIPAL DIAG W CC,"$51,215.00 "
343-APPENDECTOMY W/O COMPLICATED PRINCIPAL DIAG W/O CC/MCC,"$47,925.13 "
344-MINOR SMALL & LARGE BOWEL PROCEDURES W MCC,"$62,271.57 "
345-MINOR SMALL & LARGE BOWEL PROCEDURES W CC,"$62,053.89 "
346-MINOR SMALL & LARGE BOWEL PROCEDURES W/O CC/MCC,"$17,527.46 "
347-ANAL & STOMAL PROCEDURES W MCC,"$291,230.73 "
348-ANAL & STOMAL PROCEDURES W CC,"$69,439.13 "
349-ANAL & STOMAL PROCEDURES W/O CC/MCC,"$39,626.31 "
350-INGUINAL & FEMORAL HERNIA PROCEDURES W MCC,"$108,648.34 "
351-INGUINAL & FEMORAL HERNIA PROCEDURES W CC,"$46,146.11 "
352-INGUINAL & FEMORAL HERNIA PROCEDURES W/O CC/MCC,"$73,214.33 "
353-HERNIA PROCEDURES EXCEPT INGUINAL & FEMORAL W MCC,"$306,988.56 "
354-HERNIA PROCEDURES EXCEPT INGUINAL & FEMORAL W CC,"$80,794.13 "
355-HERNIA PROCEDURES EXCEPT INGUINAL & FEMORAL W/O CC/MCC,"$59,871.14 "
356-OTHER DIGESTIVE SYSTEM O.R. PROCEDURES W MCC,"$190,144.99 "
357-OTHER DIGESTIVE SYSTEM O.R. PROCEDURES W CC,"$83,488.55 "
358-OTHER DIGESTIVE SYSTEM O.R. PROCEDURES W/O CC/MCC,"$65,670.28 "
368-MAJOR ESOPHAGEAL DISORDERS W MCC,"$77,563.05 "
369-MAJOR ESOPHAGEAL DISORDERS W CC,"$54,680.88 "
370-MAJOR ESOPHAGEAL DISORDERS W/O CC/MCC,"$45,204.89 "
371-MAJOR GASTROINTESTINAL DISORDERS & PERITONEAL INFECTIONS W MCC,"$53,205.04 "
372-MAJOR GASTROINTESTINAL DISORDERS & PERITONEAL INFECTIONS W CC,"$34,159.42 "
373-MAJOR GASTROINTESTINAL DISORDERS & PERITONEAL INFECTIONS W/O CC/MCC,"$35,804.38 "
374-DIGESTIVE MALIGNANCY W MCC,"$89,578.43 "
375-DIGESTIVE MALIGNANCY W CC,"$48,628.04 "
376-DIGESTIVE MALIGNANCY W/O CC/MCC,"$26,466.18 "
377-G.I. HEMORRHAGE W MCC,"$77,935.74 "
378-G.I. HEMORRHAGE W CC,"$43,507.33 "
379-G.I. HEMORRHAGE W/O CC/MCC,"$25,547.56 "
380-COMPLICATED PEPTIC ULCER W MCC,"$76,848.12 "
381-COMPLICATED PEPTIC ULCER W CC,"$47,554.08 "
382-COMPLICATED PEPTIC ULCER W/O CC/MCC,"$38,438.91 "
383-UNCOMPLICATED PEPTIC ULCER W MCC,"$31,431.22 "
384-UNCOMPLICATED PEPTIC ULCER W/O MCC,"$33,858.34 "
385-INFLAMMATORY BOWEL DISEASE W MCC,"$81,140.03 "
386-INFLAMMATORY BOWEL DISEASE W CC,"$55,838.32 "
387-INFLAMMATORY BOWEL DISEASE W/O CC/MCC,"$36,424.71 "
388-G.I. OBSTRUCTION W MCC,"$55,987.22 "
389-G.I. OBSTRUCTION W CC,"$34,326.09 "
390-G.I. OBSTRUCTION W/O CC/MCC,"$22,907.33 "
"391-ESOPHAGITIS, GASTROENT & MISC DIGEST DISORDERS W MCC","$50,322.05 "
"392-ESOPHAGITIS, GASTROENT & MISC DIGEST DISORDERS W/O MCC","$29,832.88 "
393-OTHER DIGESTIVE SYSTEM DIAGNOSES W MCC,"$54,796.63 "
394-OTHER DIGESTIVE SYSTEM DIAGNOSES W CC,"$38,384.42 "
395-OTHER DIGESTIVE SYSTEM DIAGNOSES W/O CC/MCC,"$34,217.00 "
"405-PANCREAS, LIVER & SHUNT PROCEDURES W MCC","$235,226.76 "
"406-PANCREAS, LIVER & SHUNT PROCEDURES W CC","$129,734.05 "
"407-PANCREAS, LIVER & SHUNT PROCEDURES W/O CC/MCC","$114,555.75 "
408-BILIARY TRACT PROC EXCEPT ONLY CHOLECYST W OR W/O C.D.E. W MCC,"$203,610.34 "
409-BILIARY TRACT PROC EXCEPT ONLY CHOLECYST W OR W/O C.D.E. W CC,"$122,659.76 "
410-BILIARY TRACT PROC EXCEPT ONLY CHOLECYST W OR W/O C.D.E. W/O CC/MCC,"$113,198.27 "
414-CHOLECYSTECTOMY EXCEPT BY LAPAROSCOPE W/O C.D.E. W MCC,"$126,537.19 "
415-CHOLECYSTECTOMY EXCEPT BY LAPAROSCOPE W/O C.D.E. W CC,"$100,364.96 "
416-CHOLECYSTECTOMY EXCEPT BY LAPAROSCOPE W/O C.D.E. W/O CC/MCC,"$91,273.21 "
417-LAPAROSCOPIC CHOLECYSTECTOMY W/O C.D.E. W MCC,"$96,479.98 "
418-LAPAROSCOPIC CHOLECYSTECTOMY W/O C.D.E. W CC,"$74,463.76 "
419-LAPAROSCOPIC CHOLECYSTECTOMY W/O C.D.E. W/O CC/MCC,"$59,564.83 "
420-HEPATOBILIARY DIAGNOSTIC PROCEDURES W MCC,"$174,566.57 "
421-HEPATOBILIARY DIAGNOSTIC PROCEDURES W CC,"$62,575.60 "
422-HEPATOBILIARY DIAGNOSTIC PROCEDURES W/O CC/MCC,"$55,812.43 "
423-OTHER HEPATOBILIARY OR PANCREAS O.R. PROCEDURES W MCC,"$158,858.49 "
432-CIRRHOSIS & ALCOHOLIC HEPATITIS W MCC,"$80,991.08 "
433-CIRRHOSIS & ALCOHOLIC HEPATITIS W CC,"$45,966.09 "
434-CIRRHOSIS & ALCOHOLIC HEPATITIS W/O CC/MCC,"$7,835.09 "
435-MALIGNANCY OF HEPATOBILIARY SYSTEM OR PANCREAS W MCC,"$69,011.12 "
436-MALIGNANCY OF HEPATOBILIARY SYSTEM OR PANCREAS W CC,"$36,763.30 "
438-DISORDERS OF PANCREAS EXCEPT MALIGNANCY W MCC,"$66,500.22 "
439-DISORDERS OF PANCREAS EXCEPT MALIGNANCY W CC,"$38,581.27 "
440-DISORDERS OF PANCREAS EXCEPT MALIGNANCY W/O CC/MCC,"$24,995.57 "
"441-DISORDERS OF LIVER EXCEPT MALIG,CIRR,ALC HEPA W MCC","$91,185.81 "
"442-DISORDERS OF LIVER EXCEPT MALIG,CIRR,ALC HEPA W CC","$53,788.69 "
"443-DISORDERS OF LIVER EXCEPT MALIG,CIRR,ALC HEPA W/O CC/MCC","$34,042.88 "
444-DISORDERS OF THE BILIARY TRACT W MCC,"$68,337.03 "
445-DISORDERS OF THE BILIARY TRACT W CC,"$45,989.68 "
446-DISORDERS OF THE BILIARY TRACT W/O CC/MCC,"$25,868.98 "
453-COMBINED ANTERIOR/POSTERIOR SPINAL FUSION W MCC,"$422,202.67 "
454-COMBINED ANTERIOR/POSTERIOR SPINAL FUSION W CC,"$288,082.15 "
455-COMBINED ANTERIOR/POSTERIOR SPINAL FUSION W/O CC/MCC,"$202,387.02 "
456-SPINAL FUS EXC CERV W SPINAL CURV/MALIG/INFEC OR EXT FUS W MCC,"$441,452.59 "
457-SPINAL FUS EXC CERV W SPINAL CURV/MALIG/INFEC OR EXT FUS W CC,"$293,457.98 "
458-SPINAL FUS EXC CERV W SPINAL CURV/MALIG/INFEC OR EXT FUS W/O CC/MCC,"$223,228.47 "
459-SPINAL FUSION EXCEPT CERVICAL W MCC,"$338,504.58 "
460-SPINAL FUSION EXCEPT CERVICAL W/O MCC,"$188,478.49 "
461-BILATERAL OR MULTIPLE MAJOR JOINT PROCS OF LOWER EXTREMITY W MCC,"$166,277.68 "
462-BILATERAL OR MULTIPLE MAJOR JOINT PROCS OF LOWER EXTREMITY W/O MCC,"$112,474.90 "
"463-WND DEBRID & SKN GRFT EXC HAND, FOR MUSCULO-CONN TISS DIS W MCC","$337,397.71 "
"464-WND DEBRID & SKN GRFT EXC HAND, FOR MUSCULO-CONN TISS DIS W CC","$135,529.72 "
"465-WND DEBRID & SKN GRFT EXC HAND, FOR MUSCULO-CONN TISS DIS W/O CC/MCC","$87,159.31 "
466-REVISION OF HIP OR KNEE REPLACEMENT W MCC,"$221,926.70 "
467-REVISION OF HIP OR KNEE REPLACEMENT W CC,"$133,951.55 "
468-REVISION OF HIP OR KNEE REPLACEMENT W/O CC/MCC,"$90,847.83 "
469-MAJOR HIP AND KNEE JOINT REPLACEMENT OR REATTACHMENT OF LOWER EXTREMITY W MCC OR TOTAL ANKLE REPLACEMENT,"$126,284.69 "
470-MAJOR HIP AND KNEE JOINT REPLACEMENT OR REATTACHMENT OF LOWER EXTREMITY W/O MCC,"$68,704.39 "
471-CERVICAL SPINAL FUSION W MCC,"$205,273.53 "
472-CERVICAL SPINAL FUSION W CC,"$126,997.32 "
473-CERVICAL SPINAL FUSION W/O CC/MCC,"$111,470.44 "
474-AMPUTATION FOR MUSCULOSKELETAL SYS & CONN TISSUE DIS W MCC,"$272,567.09 "
475-AMPUTATION FOR MUSCULOSKELETAL SYS & CONN TISSUE DIS W CC,"$109,887.93 "
476-AMPUTATION FOR MUSCULOSKELETAL SYS & CONN TISSUE DIS W/O CC/MCC,"$47,942.82 "
477-BIOPSIES OF MUSCULOSKELETAL SYSTEM & CONNECTIVE TISSUE W MCC,"$118,038.69 "
478-BIOPSIES OF MUSCULOSKELETAL SYSTEM & CONNECTIVE TISSUE W CC,"$82,356.67 "
479-BIOPSIES OF MUSCULOSKELETAL SYSTEM & CONNECTIVE TISSUE W/O CC/MCC,"$53,537.47 "
480-HIP & FEMUR PROCEDURES EXCEPT MAJOR JOINT W MCC,"$149,605.38 "
481-HIP & FEMUR PROCEDURES EXCEPT MAJOR JOINT W CC,"$113,270.40 "
482-HIP & FEMUR PROCEDURES EXCEPT MAJOR JOINT W/O CC/MCC,"$76,345.33 "
483-MAJOR JOINT/LIMB REATTACHMENT PROCEDURE OF UPPER EXTREMITIES,"$91,514.84 "
485-KNEE PROCEDURES W PDX OF INFECTION W MCC,"$148,729.87 "
486-KNEE PROCEDURES W PDX OF INFECTION W CC,"$72,027.95 "
488-KNEE PROCEDURES W/O PDX OF INFECTION W CC/MCC,"$104,732.72 "
489-KNEE PROCEDURES W/O PDX OF INFECTION W/O CC/MCC,"$78,009.47 "
"492-LOWER EXTREM & HUMER PROC EXCEPT HIP,FOOT,FEMUR W MCC","$170,931.20 "
"493-LOWER EXTREM & HUMER PROC EXCEPT HIP,FOOT,FEMUR W CC","$118,206.14 "
"494-LOWER EXTREM & HUMER PROC EXCEPT HIP,FOOT,FEMUR W/O CC/MCC","$84,632.19 "
495-LOCAL EXCISION & REMOVAL INT FIX DEVICES EXC HIP & FEMUR W MCC,"$169,206.30 "
496-LOCAL EXCISION & REMOVAL INT FIX DEVICES EXC HIP & FEMUR W CC,"$112,967.45 "
497-LOCAL EXCISION & REMOVAL INT FIX DEVICES EXC HIP & FEMUR W/O CC/MCC,"$42,755.74 "
498-LOCAL EXCISION & REMOVAL INT FIX DEVICES OF HIP & FEMUR W CC/MCC,"$75,720.81 "
500-SOFT TISSUE PROCEDURES W MCC,"$247,919.46 "
501-SOFT TISSUE PROCEDURES W CC,"$86,271.07 "
502-SOFT TISSUE PROCEDURES W/O CC/MCC,"$80,735.42 "
503-FOOT PROCEDURES W MCC,"$150,253.41 "
504-FOOT PROCEDURES W CC,"$88,092.49 "
505-FOOT PROCEDURES W/O CC/MCC,"$84,747.91 "
506-MAJOR THUMB OR JOINT PROCEDURES,"$32,254.05 "
507-MAJOR SHOULDER OR ELBOW JOINT PROCEDURES W CC/MCC,"$74,775.25 "
508-MAJOR SHOULDER OR ELBOW JOINT PROCEDURES W/O CC/MCC,"$79,000.02 "
"510-SHOULDER,ELBOW OR FOREARM PROC,EXC MAJOR JOINT PROC W MCC","$122,930.74 "
"511-SHOULDER,ELBOW OR FOREARM PROC,EXC MAJOR JOINT PROC W CC","$111,831.22 "
"512-SHOULDER,ELBOW OR FOREARM PROC,EXC MAJOR JOINT PROC W/O CC/MCC","$74,394.54 "
"513-HAND OR WRIST PROC, EXCEPT MAJOR THUMB OR JOINT PROC W CC/MCC","$52,377.86 "
"514-HAND OR WRIST PROC, EXCEPT MAJOR THUMB OR JOINT PROC W/O CC/MCC","$51,940.96 "
515-OTHER MUSCULOSKELET SYS & CONN TISS O.R. PROC W MCC,"$211,970.59 "
516-OTHER MUSCULOSKELET SYS & CONN TISS O.R. PROC W CC,"$91,314.40 "
517-OTHER MUSCULOSKELET SYS & CONN TISS O.R. PROC W/O CC/MCC,"$60,748.80 "
518-BACK & NECK PROC EXC SPINAL FUSION W MCC OR DISC DEVICE/NEUROSTIM,"$104,040.17 "
519-BACK & NECK PROC EXC SPINAL FUSION W CC,"$101,736.94 "
520-BACK & NECK PROC EXC SPINAL FUSION W/O CC/MCC,"$61,184.42 "
534-FRACTURES OF FEMUR W/O MCC,"$78,052.49 "
535-FRACTURES OF HIP & PELVIS W MCC,"$76,147.24 "
536-FRACTURES OF HIP & PELVIS W/O MCC,"$51,397.41 "
"537-SPRAINS, STRAINS, & DISLOCATIONS OF HIP, PELVIS & THIGH W CC/MCC","$98,658.14 "
"538-SPRAINS, STRAINS, & DISLOCATIONS OF HIP, PELVIS & THIGH W/O CC/MCC","$39,279.68 "
539-OSTEOMYELITIS W MCC,"$81,262.07 "
540-OSTEOMYELITIS W CC,"$37,093.34 "
541-OSTEOMYELITIS W/O CC/MCC,"$46,865.30 "
542-PATHOLOGICAL FRACTURES & MUSCULOSKELET & CONN TISS MALIG W MCC,"$153,627.39 "
543-PATHOLOGICAL FRACTURES & MUSCULOSKELET & CONN TISS MALIG W CC,"$61,337.49 "
544-PATHOLOGICAL FRACTURES & MUSCULOSKELET & CONN TISS MALIG W/O CC/MCC,"$44,056.85 "
545-CONNECTIVE TISSUE DISORDERS W MCC,"$107,465.09 "
546-CONNECTIVE TISSUE DISORDERS W CC,"$57,320.26 "
547-CONNECTIVE TISSUE DISORDERS W/O CC/MCC,"$43,373.60 "
548-SEPTIC ARTHRITIS W MCC,"$83,877.12 "
549-SEPTIC ARTHRITIS W CC,"$48,384.29 "
550-SEPTIC ARTHRITIS W/O CC/MCC,"$41,077.92 "
551-MEDICAL BACK PROBLEMS W MCC,"$92,021.25 "
552-MEDICAL BACK PROBLEMS W/O MCC,"$63,982.53 "
553-BONE DISEASES & ARTHROPATHIES W MCC,"$66,685.27 "
554-BONE DISEASES & ARTHROPATHIES W/O MCC,"$24,372.35 "
555-SIGNS & SYMPTOMS OF MUSCULOSKELETAL SYSTEM & CONN TISSUE W MCC,"$52,144.91 "
556-SIGNS & SYMPTOMS OF MUSCULOSKELETAL SYSTEM & CONN TISSUE W/O MCC,"$39,334.63 "
"557-TENDONITIS, MYOSITIS & BURSITIS W MCC","$32,368.66 "
"558-TENDONITIS, MYOSITIS & BURSITIS W/O MCC","$35,304.48 "
"559-AFTERCARE, MUSCULOSKELETAL SYSTEM & CONNECTIVE TISSUE W MCC","$109,615.42 "
"560-AFTERCARE, MUSCULOSKELETAL SYSTEM & CONNECTIVE TISSUE W CC","$43,508.36 "
"561-AFTERCARE, MUSCULOSKELETAL SYSTEM & CONNECTIVE TISSUE W/O CC/MCC","$28,491.74 "
"562-FX, SPRN, STRN & DISL EXCEPT FEMUR, HIP, PELVIS & THIGH W MCC","$67,153.04 "
"563-FX, SPRN, STRN & DISL EXCEPT FEMUR, HIP, PELVIS & THIGH W/O MCC","$48,526.63 "
564-OTHER MUSCULOSKELETAL SYS & CONNECTIVE TISSUE DIAGNOSES W MCC,"$46,667.94 "
565-OTHER MUSCULOSKELETAL SYS & CONNECTIVE TISSUE DIAGNOSES W CC,"$42,745.11 "
566-OTHER MUSCULOSKELETAL SYS & CONNECTIVE TISSUE DIAGNOSES W/O CC/MCC,"$75,806.82 "
570-SKIN DEBRIDEMENT W MCC,"$281,004.77 "
571-SKIN DEBRIDEMENT W CC,"$124,800.27 "
572-SKIN DEBRIDEMENT W/O CC/MCC,"$33,274.65 "
573-SKIN GRAFT FOR SKIN ULCER OR CELLULITIS W MCC,"$60,251.46 "
574-SKIN GRAFT FOR SKIN ULCER OR CELLULITIS W CC,"$116,996.44 "
576-SKIN GRAFT EXC FOR SKIN ULCER OR CELLULITIS W MCC,"$308,969.87 "
577-SKIN GRAFT EXC FOR SKIN ULCER OR CELLULITIS W CC,"$99,471.75 "
578-SKIN GRAFT EXC FOR SKIN ULCER OR CELLULITIS W/O CC/MCC,"$71,883.76 "
"579-OTHER SKIN, SUBCUT TISS & BREAST PROC W MCC","$86,339.60 "
"580-OTHER SKIN, SUBCUT TISS & BREAST PROC W CC","$61,210.64 "
"581-OTHER SKIN, SUBCUT TISS & BREAST PROC W/O CC/MCC","$64,595.98 "
582-MASTECTOMY FOR MALIGNANCY W CC/MCC,"$54,623.64 "
583-MASTECTOMY FOR MALIGNANCY W/O CC/MCC,"$57,785.14 "
"584-BREAST BIOPSY, LOCAL EXCISION & OTHER BREAST PROCEDURES W CC/MCC","$60,419.45 "
"585-BREAST BIOPSY, LOCAL EXCISION & OTHER BREAST PROCEDURES W/O CC/MCC","$82,630.14 "
592-SKIN ULCERS W MCC,"$42,249.31 "
593-SKIN ULCERS W CC,"$59,392.18 "
595-MAJOR SKIN DISORDERS W MCC,"$95,067.72 "
596-MAJOR SKIN DISORDERS W/O MCC,"$53,430.03 "
597-MALIGNANT BREAST DISORDERS W MCC,"$91,771.51 "
598-MALIGNANT BREAST DISORDERS W CC,"$36,018.21 "
599-MALIGNANT BREAST DISORDERS W/O CC/MCC,"$8,162.31 "
600-NON-MALIGNANT BREAST DISORDERS W CC/MCC,"$17,192.79 "
601-NON-MALIGNANT BREAST DISORDERS W/O CC/MCC,"$20,866.08 "
602-CELLULITIS W MCC,"$35,874.23 "
603-CELLULITIS W/O MCC,"$27,160.78 "
"604-TRAUMA TO THE SKIN, SUBCUT TISS & BREAST W MCC","$64,705.85 "
"605-TRAUMA TO THE SKIN, SUBCUT TISS & BREAST W/O MCC","$43,438.95 "
606-MINOR SKIN DISORDERS W MCC,"$69,748.27 "
607-MINOR SKIN DISORDERS W/O MCC,"$26,954.11 "
614-ADRENAL & PITUITARY PROCEDURES W CC/MCC,"$129,505.29 "
615-ADRENAL & PITUITARY PROCEDURES W/O CC/MCC,"$80,709.25 "
"616-AMPUTAT OF LOWER LIMB FOR ENDOCRINE,NUTRIT,& METABOL DIS W MCC","$172,509.78 "
"617-AMPUTAT OF LOWER LIMB FOR ENDOCRINE,NUTRIT,& METABOL DIS W CC","$84,874.73 "
619-O.R. PROCEDURES FOR OBESITY W MCC,"$49,321.32 "
620-O.R. PROCEDURES FOR OBESITY W CC,"$55,287.44 "
621-O.R. PROCEDURES FOR OBESITY W/O CC/MCC,"$49,740.82 "
"623-SKIN GRAFTS & WOUND DEBRID FOR ENDOC, NUTRIT & METAB DIS W CC","$178,735.42 "
"625-THYROID, PARATHYROID & THYROGLOSSAL PROCEDURES W MCC","$100,255.99 "
"626-THYROID, PARATHYROID & THYROGLOSSAL PROCEDURES W CC","$68,501.02 "
"627-THYROID, PARATHYROID & THYROGLOSSAL PROCEDURES W/O CC/MCC","$57,750.69 "
"628-OTHER ENDOCRINE, NUTRIT & METAB O.R. PROC W MCC","$192,217.67 "
"629-OTHER ENDOCRINE, NUTRIT & METAB O.R. PROC W CC","$95,544.68 "
"630-OTHER ENDOCRINE, NUTRIT & METAB O.R. PROC W/O CC/MCC","$63,240.81 "
637-DIABETES W MCC,"$62,570.50 "
638-DIABETES W CC,"$34,317.21 "
639-DIABETES W/O CC/MCC,"$26,102.09 "
"640-MISC DISORDERS OF NUTRITION,METABOLISM,FLUIDS/ELECTROLYTES W MCC","$66,307.49 "
"641-MISC DISORDERS OF NUTRITION,METABOLISM,FLUIDS/ELECTROLYTES W/O MCC","$32,857.36 "
642-INBORN AND OTHER DISORDERS OF METABOLISM,"$67,926.11 "
643-ENDOCRINE DISORDERS W MCC,"$93,827.94 "
644-ENDOCRINE DISORDERS W CC,"$32,778.11 "
645-ENDOCRINE DISORDERS W/O CC/MCC,"$29,739.01 "
652-KIDNEY TRANSPLANT,"$294,132.70 "
653-MAJOR BLADDER PROCEDURES W MCC,"$269,108.56 "
654-MAJOR BLADDER PROCEDURES W CC,"$182,897.30 "
655-MAJOR BLADDER PROCEDURES W/O CC/MCC,"$142,164.81 "
656-KIDNEY & URETER PROCEDURES FOR NEOPLASM W MCC,"$137,220.97 "
657-KIDNEY & URETER PROCEDURES FOR NEOPLASM W CC,"$130,049.05 "
658-KIDNEY & URETER PROCEDURES FOR NEOPLASM W/O CC/MCC,"$97,562.96 "
659-KIDNEY & URETER PROCEDURES FOR NON-NEOPLASM W MCC,"$164,537.35 "
660-KIDNEY & URETER PROCEDURES FOR NON-NEOPLASM W CC,"$80,930.66 "
661-KIDNEY & URETER PROCEDURES FOR NON-NEOPLASM W/O CC/MCC,"$76,280.77 "
662-MINOR BLADDER PROCEDURES W MCC,"$181,339.58 "
663-MINOR BLADDER PROCEDURES W CC,"$66,772.76 "
664-MINOR BLADDER PROCEDURES W/O CC/MCC,"$55,527.33 "
665-PROSTATECTOMY W MCC,"$53,730.51 "
668-TRANSURETHRAL PROCEDURES W MCC,"$200,147.07 "
669-TRANSURETHRAL PROCEDURES W CC,"$40,237.25 "
670-TRANSURETHRAL PROCEDURES W/O CC/MCC,"$31,320.30 "
671-URETHRAL PROCEDURES W CC/MCC,"$62,569.79 "
672-URETHRAL PROCEDURES W/O CC/MCC,"$60,321.45 "
673-OTHER KIDNEY & URINARY TRACT PROCEDURES W MCC,"$96,972.82 "
674-OTHER KIDNEY & URINARY TRACT PROCEDURES W CC,"$101,442.69 "
675-OTHER KIDNEY & URINARY TRACT PROCEDURES W/O CC/MCC,"$92,539.61 "
682-RENAL FAILURE W MCC,"$58,581.43 "
683-RENAL FAILURE W CC,"$34,002.36 "
684-RENAL FAILURE W/O CC/MCC,"$19,483.34 "
686-KIDNEY & URINARY TRACT NEOPLASMS W MCC,"$79,314.95 "
687-KIDNEY & URINARY TRACT NEOPLASMS W CC,"$32,522.85 "
689-KIDNEY & URINARY TRACT INFECTIONS W MCC,"$43,467.71 "
690-KIDNEY & URINARY TRACT INFECTIONS W/O MCC,"$29,411.86 "
693-URINARY STONES W/O ESW LITHOTRIPSY W MCC,"$36,582.90 "
694-URINARY STONES W/O ESW LITHOTRIPSY W/O MCC,"$33,268.89 "
696-KIDNEY & URINARY TRACT SIGNS & SYMPTOMS W/O MCC,"$26,260.89 "
697-URETHRAL STRICTURE,"$22,885.49 "
698-OTHER KIDNEY & URINARY TRACT DIAGNOSES W MCC,"$61,477.54 "
699-OTHER KIDNEY & URINARY TRACT DIAGNOSES W CC,"$35,226.26 "
700-OTHER KIDNEY & URINARY TRACT DIAGNOSES W/O CC/MCC,"$34,864.56 "
707-MAJOR MALE PELVIC PROCEDURES W CC/MCC,"$96,872.04 "
708-MAJOR MALE PELVIC PROCEDURES W/O CC/MCC,"$79,713.27 "
709-PENIS PROCEDURES W CC/MCC,"$73,622.60 "
710-PENIS PROCEDURES W/O CC/MCC,"$48,037.04 "
711-TESTES PROCEDURES W CC/MCC,"$64,810.23 "
712-TESTES PROCEDURES W/O CC/MCC,"$46,450.97 "
713-TRANSURETHRAL PROSTATECTOMY W CC/MCC,"$39,409.27 "
714-TRANSURETHRAL PROSTATECTOMY W/O CC/MCC,"$33,265.56 "
716-OTHER MALE REPRODUCTIVE SYSTEM O.R. PROC FOR MALIGNANCY W/O CC/MCC,"$86,138.47 "
717-OTHER MALE REPRODUCTIVE SYSTEM O.R. PROC EXC MALIGNANCY W CC/MCC,"$66,297.58 "
"722-MALIGNANCY, MALE REPRODUCTIVE SYSTEM W MCC","$216,575.85 "
"723-MALIGNANCY, MALE REPRODUCTIVE SYSTEM W CC","$76,615.39 "
726-BENIGN PROSTATIC HYPERTROPHY W/O MCC,"$12,623.30 "
727-INFLAMMATION OF THE MALE REPRODUCTIVE SYSTEM W MCC,"$41,404.64 "
728-INFLAMMATION OF THE MALE REPRODUCTIVE SYSTEM W/O MCC,"$29,164.43 "
729-OTHER MALE REPRODUCTIVE SYSTEM DIAGNOSES W CC/MCC,"$4,991.85 "
730-OTHER MALE REPRODUCTIVE SYSTEM DIAGNOSES W/O CC/MCC,"$36,517.99 "
"734-PELVIC EVISCERATION, RAD HYSTERECTOMY & RAD VULVECTOMY W CC/MCC","$82,062.61 "
"735-PELVIC EVISCERATION, RAD HYSTERECTOMY & RAD VULVECTOMY W/O CC/MCC","$89,296.13 "
736-UTERINE & ADNEXA PROC FOR OVARIAN OR ADNEXAL MALIGNANCY W MCC,"$219,616.12 "
737-UTERINE & ADNEXA PROC FOR OVARIAN OR ADNEXAL MALIGNANCY W CC,"$127,362.85 "
738-UTERINE & ADNEXA PROC FOR OVARIAN OR ADNEXAL MALIGNANCY W/O CC/MCC,"$78,517.54 "
"739-UTERINE,ADNEXA PROC FOR NON-OVARIAN/ADNEXAL MALIG W MCC","$200,766.12 "
"740-UTERINE,ADNEXA PROC FOR NON-OVARIAN/ADNEXAL MALIG W CC","$86,120.99 "
"741-UTERINE,ADNEXA PROC FOR NON-OVARIAN/ADNEXAL MALIG W/O CC/MCC","$72,653.24 "
742-UTERINE & ADNEXA PROC FOR NON-MALIGNANCY W CC/MCC,"$69,442.34 "
743-UTERINE & ADNEXA PROC FOR NON-MALIGNANCY W/O CC/MCC,"$60,945.21 "
"744-D&C, CONIZATION, LAPAROSCOPY & TUBAL INTERRUPTION W CC/MCC","$60,170.54 "
"745-D&C, CONIZATION, LAPAROSCOPY & TUBAL INTERRUPTION W/O CC/MCC","$44,064.34 "
"746-VAGINA, CERVIX & VULVA PROCEDURES W CC/MCC","$70,883.58 "
"747-VAGINA, CERVIX & VULVA PROCEDURES W/O CC/MCC","$67,843.03 "
748-FEMALE REPRODUCTIVE SYSTEM RECONSTRUCTIVE PROCEDURES,"$67,405.87 "
749-OTHER FEMALE REPRODUCTIVE SYSTEM O.R. PROCEDURES W CC/MCC,"$123,109.46 "
750-OTHER FEMALE REPRODUCTIVE SYSTEM O.R. PROCEDURES W/O CC/MCC,"$47,989.37 "
"754-MALIGNANCY, FEMALE REPRODUCTIVE SYSTEM W MCC","$85,513.38 "
"755-MALIGNANCY, FEMALE REPRODUCTIVE SYSTEM W CC","$38,802.30 "
"756-MALIGNANCY, FEMALE REPRODUCTIVE SYSTEM W/O CC/MCC","$37,547.22 "
"757-INFECTIONS, FEMALE REPRODUCTIVE SYSTEM W MCC","$52,435.47 "
"758-INFECTIONS, FEMALE REPRODUCTIVE SYSTEM W CC","$34,407.54 "
"759-INFECTIONS, FEMALE REPRODUCTIVE SYSTEM W/O CC/MCC","$24,103.61 "
760-MENSTRUAL & OTHER FEMALE REPRODUCTIVE SYSTEM DISORDERS W CC/MCC,"$41,920.90 "
761-MENSTRUAL & OTHER FEMALE REPRODUCTIVE SYSTEM DISORDERS W/O CC/MCC,"$22,704.19 "
765-CESAREAN SECTION W CC/MCC,"$59,255.47 "
766-CESAREAN SECTION W/O CC/MCC,"$45,039.59 "
767-VAGINAL DELIVERY W STERILIZATION &/OR D&C,"$36,286.03 "
768-VAGINAL DELIVERY W O.R. PROC EXCEPT STERIL &/OR D&C,"$29,503.55 "
769-POSTPARTUM & POST ABORTION DIAGNOSES W O.R. PROCEDURE,"$103,528.82 "
"770-ABORTION W D&C, ASPIRATION CURETTAGE OR HYSTEROTOMY","$36,319.17 "
774-VAGINAL DELIVERY W COMPLICATING DIAGNOSES,"$23,875.58 "
775-VAGINAL DELIVERY W/O COMPLICATING DIAGNOSES,"$17,734.53 "
776-POSTPARTUM & POST ABORTION DIAGNOSES W/O O.R. PROCEDURE,"$21,199.93 "
777-ECTOPIC PREGNANCY,"$43,548.38 "
778-THREATENED ABORTION,"$12,922.42 "
779-ABORTION W/O D&C,"$26,401.63 "
780-FALSE LABOR,"$7,911.51 "
781-OTHER ANTEPARTUM DIAGNOSES W MEDICAL COMPLICATIONS,"$23,539.20 "
782-OTHER ANTEPARTUM DIAGNOSES W/O MEDICAL COMPLICATIONS,"$11,397.05 "
783-CESAREAN SECTION W STERILIZATION W MCC,"$59,464.78 "
784-CESAREAN SECTION W STERILIZATION W CC,"$61,122.62 "
785-CESAREAN SECTION W STERILIZATION W/O CC/MCC,"$54,979.26 "
786-CESAREAN SECTION W/O STERILIZATION W MCC,"$85,702.24 "
787-CESAREAN SECTION W/O STERILIZATION W CC,"$60,548.63 "
788-CESAREAN SECTION W/O STERILIZATION W/O CC/MCC,"$55,670.29 "
"789-NEONATES, DIED OR TRANSFERRED TO ANOTHER ACUTE CARE FACILITY","$256,964.15 "
"790-EXTREME IMMATURITY OR RESPIRATORY DISTRESS SYNDROME, NEONATE","$407,798.86 "
791-PREMATURITY W MAJOR PROBLEMS,"$148,229.29 "
792-PREMATURITY W/O MAJOR PROBLEMS,"$23,466.62 "
793-FULL TERM NEONATE W MAJOR PROBLEMS,"$47,438.36 "
794-NEONATE W OTHER SIGNIFICANT PROBLEMS,"$8,640.63 "
795-NORMAL NEWBORN,"$3,700.84 "
796-VAGINAL DELIVERY W STERILIZATION/D&C W MCC,"$104,620.47 "
797-VAGINAL DELIVERY W STERILIZATION/D&C W CC,"$48,559.14 "
799-SPLENECTOMY W MCC,"$199,398.67 "
802-OTHER O.R. PROC OF THE BLOOD & BLOOD FORMING ORGANS W MCC,"$87,998.67 "
803-OTHER O.R. PROC OF THE BLOOD & BLOOD FORMING ORGANS W CC,"$125,049.97 "
804-OTHER O.R. PROC OF THE BLOOD & BLOOD FORMING ORGANS W/O CC/MCC,"$64,683.16 "
805-VAGINAL DELIVERY W/O STERILIZATION/D&C W MCC,"$23,827.93 "
806-VAGINAL DELIVERY W/O STERILIZATION/D&C W CC,"$19,963.34 "
807-VAGINAL DELIVERY W/O STERILIZATION/D&C W/O CC/MCC,"$17,860.19 "
808-MAJOR HEMATOL/IMMUN DIAG EXC SICKLE CELL CRISIS & COAGUL W MCC,"$85,247.29 "
809-MAJOR HEMATOL/IMMUN DIAG EXC SICKLE CELL CRISIS & COAGUL W CC,"$45,509.65 "
810-MAJOR HEMATOL/IMMUN DIAG EXC SICKLE CELL CRISIS & COAGUL W/O CC/MCC,"$221,876.81 "
811-RED BLOOD CELL DISORDERS W MCC,"$56,928.78 "
812-RED BLOOD CELL DISORDERS W/O MCC,"$41,107.49 "
813-COAGULATION DISORDERS,"$157,830.44 "
814-RETICULOENDOTHELIAL & IMMUNITY DISORDERS W MCC,"$99,739.53 "
815-RETICULOENDOTHELIAL & IMMUNITY DISORDERS W CC,"$46,905.91 "
816-RETICULOENDOTHELIAL & IMMUNITY DISORDERS W/O CC/MCC,"$53,519.20 "
818-OTHER ANTEPARTUM DIAGNOSES W O.R. PROCEDURE W CC,"$64,048.49 "
819-OTHER ANTEPARTUM DIAGNOSES W O.R. PROCEDURE W/O CC/MCC,"$39,365.66 "
820-LYMPHOMA & LEUKEMIA W MAJOR O.R. PROCEDURE W MCC,"$541,926.26 "
821-LYMPHOMA & LEUKEMIA W MAJOR O.R. PROCEDURE W CC,"$216,176.70 "
822-LYMPHOMA & LEUKEMIA W MAJOR O.R. PROCEDURE W/O CC/MCC,"$50,963.02 "
823-LYMPHOMA & NON-ACUTE LEUKEMIA W OTHER PROC W MCC,"$509,472.21 "
824-LYMPHOMA & NON-ACUTE LEUKEMIA W OTHER PROC W CC,"$76,253.57 "
825-LYMPHOMA & NON-ACUTE LEUKEMIA W OTHER PROC W/O CC/MCC,"$45,478.34 "
826-MYELOPROLIF DISORD OR POORLY DIFF NEOPL W MAJ O.R. PROC W MCC,"$292,986.73 "
827-MYELOPROLIF DISORD OR POORLY DIFF NEOPL W MAJ O.R. PROC W CC,"$112,873.23 "
828-MYELOPROLIF DISORD OR POORLY DIFF NEOPL W MAJ O.R. PROC W/O CC/MCC,"$81,637.84 "
829-MYELOPROLIFERATIVE DISORDERS OR POORLY DIFFERENTIATED NEOPLASMS W OTHER PROCEDURE W CC/MCC,"$225,456.63 "
830-MYELOPROLIFERATIVE DISORDERS OR POORLY DIFFERENTIATED NEOPLASMS W OTHER PROCEDURE W/O CC/MCC,"$42,532.47 "
831-OTHER ANTEPARTUM DIAGNOSES W/O O.R. PROCEDURE W MCC,"$42,426.84 "
832-OTHER ANTEPARTUM DIAGNOSES W/O O.R. PROCEDURE W CC,"$21,342.19 "
833-OTHER ANTEPARTUM DIAGNOSES W/O O.R. PROCEDURE W/O CC/MCC,"$15,562.48 "
834-ACUTE LEUKEMIA W/O MAJOR O.R. PROCEDURE W MCC,"$405,274.78 "
835-ACUTE LEUKEMIA W/O MAJOR O.R. PROCEDURE W CC,"$114,409.56 "
836-ACUTE LEUKEMIA W/O MAJOR O.R. PROCEDURE W/O CC/MCC,"$22,514.20 "
837-CHEMO W ACUTE LEUKEMIA AS SDX OR W HIGH DOSE CHEMO AGENT W MCC,"$175,225.94 "
838-CHEMO W ACUTE LEUKEMIA AS SDX W CC OR HIGH DOSE CHEMO AGENT,"$95,876.00 "
839-CHEMO W ACUTE LEUKEMIA AS SDX W/O CC/MCC,"$41,740.42 "
840-LYMPHOMA & NON-ACUTE LEUKEMIA W MCC,"$189,944.50 "
841-LYMPHOMA & NON-ACUTE LEUKEMIA W CC,"$80,392.18 "
842-LYMPHOMA & NON-ACUTE LEUKEMIA W/O CC/MCC,"$47,938.39 "
843-OTHER MYELOPROLIF DIS OR POORLY DIFF NEOPL DIAG W MCC,"$81,347.99 "
844-OTHER MYELOPROLIF DIS OR POORLY DIFF NEOPL DIAG W CC,"$38,514.31 "
845-OTHER MYELOPROLIF DIS OR POORLY DIFF NEOPL DIAG W/O CC/MCC,"$43,023.04 "
846-CHEMOTHERAPY W/O ACUTE LEUKEMIA AS SECONDARY DIAGNOSIS W MCC,"$96,980.04 "
847-CHEMOTHERAPY W/O ACUTE LEUKEMIA AS SECONDARY DIAGNOSIS W CC,"$49,353.61 "
848-CHEMOTHERAPY W/O ACUTE LEUKEMIA AS SECONDARY DIAGNOSIS W/O CC/MCC,"$25,215.58 "
853-INFECTIOUS & PARASITIC DISEASES W O.R. PROCEDURE W MCC,"$287,042.77 "
854-INFECTIOUS & PARASITIC DISEASES W O.R. PROCEDURE W CC,"$105,407.23 "
855-INFECTIOUS & PARASITIC DISEASES W O.R. PROCEDURE W/O CC/MCC,"$102,169.45 "
856-POSTOPERATIVE OR POST-TRAUMATIC INFECTIONS W O.R. PROC W MCC,"$215,523.23 "
857-POSTOPERATIVE OR POST-TRAUMATIC INFECTIONS W O.R. PROC W CC,"$73,769.19 "
858-POSTOPERATIVE OR POST-TRAUMATIC INFECTIONS W O.R. PROC W/O CC/MCC,"$22,571.35 "
862-POSTOPERATIVE & POST-TRAUMATIC INFECTIONS W MCC,"$56,621.90 "
863-POSTOPERATIVE & POST-TRAUMATIC INFECTIONS W/O MCC,"$32,593.18 "
864-FEVER AND INFLAMMATORY CONDITIONS,"$30,553.88 "
865-VIRAL ILLNESS W MCC,"$50,348.47 "
866-VIRAL ILLNESS W/O MCC,"$37,587.09 "
867-OTHER INFECTIOUS & PARASITIC DISEASES DIAGNOSES W MCC,"$111,341.93 "
868-OTHER INFECTIOUS & PARASITIC DISEASES DIAGNOSES W CC,"$31,061.82 "
869-OTHER INFECTIOUS & PARASITIC DISEASES DIAGNOSES W/O CC/MCC,"$27,219.19 "
870-SEPTICEMIA OR SEVERE SEPSIS W MV >96 HOURS OR PERIPHERAL EXTRACORPOREAL MEMBRANE OXYGENATION (ECMO),"$348,154.49 "
871-SEPTICEMIA OR SEVERE SEPSIS W/O MV >96 HOURS W MCC,"$94,442.31 "
872-SEPTICEMIA OR SEVERE SEPSIS W/O MV >96 HOURS W/O MCC,"$42,261.16 "
876-O.R. PROCEDURE W PRINCIPAL DIAGNOSES OF MENTAL ILLNESS,"$79,168.68 "
880-ACUTE ADJUSTMENT REACTION & PSYCHOSOCIAL DYSFUNCTION,"$38,661.58 "
881-DEPRESSIVE NEUROSES,"$21,415.66 "
882-NEUROSES EXCEPT DEPRESSIVE,"$38,228.50 "
883-DISORDERS OF PERSONALITY & IMPULSE CONTROL,"$33,767.40 "
884-ORGANIC DISTURBANCES & INTELLECTUAL DISABILITY,"$72,511.40 "
885-PSYCHOSES,"$49,435.95 "
886-BEHAVIORAL & DEVELOPMENTAL DISORDERS,"$198,628.51 "
887-OTHER MENTAL DISORDER DIAGNOSES,"$31,959.52 "
"894-ALCOHOL/DRUG ABUSE OR DEPENDENCE, LEFT AMA","$30,494.64 "
896-ALCOHOL/DRUG ABUSE OR DEPENDENCE W/O REHABILITATION THERAPY W MCC,"$53,541.00 "
897-ALCOHOL/DRUG ABUSE OR DEPENDENCE W/O REHABILITATION THERAPY W/O MCC,"$34,055.81 "
901-WOUND DEBRIDEMENTS FOR INJURIES W MCC,"$183,616.86 "
902-WOUND DEBRIDEMENTS FOR INJURIES W CC,"$77,108.81 "
903-WOUND DEBRIDEMENTS FOR INJURIES W/O CC/MCC,"$80,848.54 "
904-SKIN GRAFTS FOR INJURIES W CC/MCC,"$111,551.84 "
905-SKIN GRAFTS FOR INJURIES W/O CC/MCC,"$44,862.52 "
906-HAND PROCEDURES FOR INJURIES,"$70,699.30 "
907-OTHER O.R. PROCEDURES FOR INJURIES W MCC,"$201,175.14 "
908-OTHER O.R. PROCEDURES FOR INJURIES W CC,"$91,445.81 "
909-OTHER O.R. PROCEDURES FOR INJURIES W/O CC/MCC,"$57,588.16 "
913-TRAUMATIC INJURY W MCC,"$64,325.88 "
914-TRAUMATIC INJURY W/O MCC,"$72,910.36 "
915-ALLERGIC REACTIONS W MCC,"$91,937.45 "
916-ALLERGIC REACTIONS W/O MCC,"$33,105.41 "
917-POISONING & TOXIC EFFECTS OF DRUGS W MCC,"$64,085.96 "
918-POISONING & TOXIC EFFECTS OF DRUGS W/O MCC,"$31,299.25 "
919-COMPLICATIONS OF TREATMENT W MCC,"$87,508.72 "
920-COMPLICATIONS OF TREATMENT W CC,"$38,323.07 "
921-COMPLICATIONS OF TREATMENT W/O CC/MCC,"$26,174.30 "
"922-OTHER INJURY, POISONING & TOXIC EFFECT DIAG W MCC","$134,997.68 "
"923-OTHER INJURY, POISONING & TOXIC EFFECT DIAG W/O MCC","$52,887.38 "
927-EXTENSIVE BURNS OR FULL THICKNESS BURNS W MV >96 HRS W SKIN GRAFT,"$905,499.01 "
928-FULL THICKNESS BURN W SKIN GRAFT OR INHAL INJ W CC/MCC,"$248,971.33 "
929-FULL THICKNESS BURN W SKIN GRAFT OR INHAL INJ W/O CC/MCC,"$84,589.80 "
933-EXTENSIVE BURNS OR FULL THICKNESS BURNS W MV >96 HRS W/O SKIN GRAFT,"$367,087.41 "
934-FULL THICKNESS BURN W/O SKIN GRAFT OR INHAL INJ,"$74,599.04 "
935-NON-EXTENSIVE BURNS,"$82,957.53 "
939-O.R. PROC W DIAGNOSES OF OTHER CONTACT W HEALTH SERVICES W MCC,"$231,380.38 "
940-O.R. PROC W DIAGNOSES OF OTHER CONTACT W HEALTH SERVICES W CC,"$91,512.96 "
941-O.R. PROC W DIAGNOSES OF OTHER CONTACT W HEALTH SERVICES W/O CC/MCC,"$55,147.63 "
947-SIGNS & SYMPTOMS W MCC,"$54,777.96 "
948-SIGNS & SYMPTOMS W/O MCC,"$27,212.56 "
949-AFTERCARE W CC/MCC,"$37,022.43 "
950-AFTERCARE W/O CC/MCC,"$19,374.48 "
951-OTHER FACTORS INFLUENCING HEALTH STATUS,"$31,879.06 "
955-CRANIOTOMY FOR MULTIPLE SIGNIFICANT TRAUMA,"$718,786.75 "
"956-LIMB REATTACHMENT, HIP & FEMUR PROC FOR MULTIPLE SIGNIFICANT TRAUMA","$333,092.30 "
957-OTHER O.R. PROCEDURES FOR MULTIPLE SIGNIFICANT TRAUMA W MCC,"$404,228.12 "
958-OTHER O.R. PROCEDURES FOR MULTIPLE SIGNIFICANT TRAUMA W CC,"$248,526.84 "
959-OTHER O.R. PROCEDURES FOR MULTIPLE SIGNIFICANT TRAUMA W/O CC/MCC,"$165,476.38 "
963-OTHER MULTIPLE SIGNIFICANT TRAUMA W MCC,"$124,770.55 "
964-OTHER MULTIPLE SIGNIFICANT TRAUMA W CC,"$96,784.12 "
965-OTHER MULTIPLE SIGNIFICANT TRAUMA W/O CC/MCC,"$73,067.90 "
969-HIV W EXTENSIVE O.R. PROCEDURE W MCC,"$257,404.96 "
970-HIV W EXTENSIVE O.R. PROCEDURE W/O MCC,"$65,630.22 "
974-HIV W MAJOR RELATED CONDITION W MCC,"$142,614.32 "
975-HIV W MAJOR RELATED CONDITION W CC,"$50,104.75 "
976-HIV W MAJOR RELATED CONDITION W/O CC/MCC,"$36,863.99 "
977-HIV W OR W/O OTHER RELATED CONDITION,"$55,939.44 "
981-EXTENSIVE O.R. PROCEDURE UNRELATED TO PRINCIPAL DIAGNOSIS W MCC,"$197,617.73 "
982-EXTENSIVE O.R. PROCEDURE UNRELATED TO PRINCIPAL DIAGNOSIS W CC,"$110,396.97 "
983-EXTENSIVE O.R. PROCEDURE UNRELATED TO PRINCIPAL DIAGNOSIS W/O CC/MCC,"$69,032.53 "
987-NON-EXTENSIVE O.R. PROC UNRELATED TO PRINCIPAL DIAGNOSIS W MCC,"$226,685.18 "
988-NON-EXTENSIVE O.R. PROC UNRELATED TO PRINCIPAL DIAGNOSIS W CC,"$114,929.05 "
989-NON-EXTENSIVE O.R. PROC UNRELATED TO PRINCIPAL DIAGNOSIS W/O CC/MCC,"$167,444.13 "
998-PRINCIPAL DIAGNOSIS INVALID AS DISCHARGE DIAGNOSIS,"$6,449.88 "
999-UNGROUPABLE,"$104,053.84 "
